epoch,time,train/box_loss,train/cls_loss,train/dfl_loss,metrics/precision(B),metrics/recall(B),metrics/mAP50(B),metrics/mAP50-95(B),val/box_loss,val/cls_loss,val/dfl_loss,lr/pg0,lr/pg1,lr/pg2
1,712.013,1.43778,1.57132,1.24301,0.02474,0.01673,0.00711,0.00165,3.24596,3.91975,2.0716,0.000474881,0.000474881,0.000474881
2,1429.3,1.33363,1.16065,1.21005,0.01286,0.04182,0.0068,0.00156,3.6523,3.98863,2.10463,0.000904129,0.000904129,0.000904129
